{"cameraMode":{"drawMode":0,"name":"Shaded","section":"Shading Mode"},"sceneLighting":false,"audioPlay":false,"sceneViewState":{"m_AlwaysRefresh":false,"showFog":true,"showSkybox":false,"showFlares":true,"showImageEffects":true,"showParticleSystems":true,"showVisualEffectGraphs":true,"m_FxEnabled":true},"in2DMode":false,"pivot":{"x":0.057101331651210788,"y":0.012576696462929249,"z":0.01694667525589466},"rotation":{"x":-0.1177012100815773,"y":-0.11734841763973236,"z":0.014005572535097599,"w":-0.9859988689422607},"size":0.08235513418912888,"orthographic":false}