{"cameraMode":{"drawMode":0,"name":"Shaded","section":"Shading Mode"},"sceneLighting":false,"audioPlay":false,"sceneViewState":{"m_AlwaysRefresh":false,"showFog":true,"showSkybox":false,"showFlares":true,"showImageEffects":true,"showParticleSystems":true,"showVisualEffectGraphs":true,"m_FxEnabled":true},"in2DMode":false,"pivot":{"x":-0.21583400666713715,"y":-0.05602157860994339,"z":0.051046475768089297},"rotation":{"x":0.12511591613292695,"y":-0.5552529692649841,"z":0.08494798094034195,"w":0.8178258538246155},"size":0.38103488087654116,"orthographic":false}