{"cameraMode":{"drawMode":0,"name":"Shaded","section":"Shading Mode"},"sceneLighting":false,"audioPlay":false,"sceneViewState":{"m_AlwaysRefresh":false,"showFog":true,"showSkybox":false,"showFlares":true,"showImageEffects":true,"showParticleSystems":true,"showVisualEffectGraphs":true,"m_FxEnabled":true},"in2DMode":false,"pivot":{"x":-0.04757237806916237,"y":-0.04500703513622284,"z":0.4682358503341675},"rotation":{"x":-0.19680403172969819,"y":0.3264320194721222,"z":-0.06967324763536453,"w":-0.9219269752502441},"size":0.5572202801704407,"orthographic":false}