{"cameraMode":{"drawMode":0,"name":"Shaded","section":"Shading Mode"},"sceneLighting":false,"audioPlay":false,"sceneViewState":{"m_AlwaysRefresh":false,"showFog":true,"showSkybox":false,"showFlares":true,"showImageEffects":true,"showParticleSystems":true,"showVisualEffectGraphs":true,"m_FxEnabled":true},"in2DMode":false,"pivot":{"x":-0.0026062726974487306,"y":-0.00294417142868042,"z":0.0008820295333862305},"rotation":{"x":0.07535678148269654,"y":-0.8948350548744202,"z":0.4079993665218353,"w":0.1650395691394806},"size":0.849720299243927,"orthographic":false}