{"cameraMode":{"drawMode":0,"name":"Shaded","section":"Shading Mode"},"sceneLighting":false,"audioPlay":false,"sceneViewState":{"m_AlwaysRefresh":false,"showFog":true,"showSkybox":false,"showFlares":true,"showImageEffects":true,"showParticleSystems":true,"showVisualEffectGraphs":true,"m_FxEnabled":true},"in2DMode":false,"pivot":{"x":-0.7682619094848633,"y":4.462665557861328,"z":0.0017073750495910645},"rotation":{"x":-0.31341758370399477,"y":0.1473524123430252,"z":-0.04915553703904152,"w":-0.9368851184844971},"size":13.834406852722168,"orthographic":false}