{"cameraMode":{"drawMode":0,"name":"Shaded","section":"Shading Mode"},"sceneLighting":false,"audioPlay":false,"sceneViewState":{"m_AlwaysRefresh":false,"showFog":true,"showSkybox":false,"showFlares":true,"showImageEffects":true,"showParticleSystems":true,"showVisualEffectGraphs":true,"m_FxEnabled":true},"in2DMode":false,"pivot":{"x":-0.034189846366643909,"y":-0.04207826405763626,"z":-0.0001784898340702057},"rotation":{"x":-0.0468657910823822,"y":0.952164351940155,"z":-0.18985241651535035,"w":-0.2350264936685562},"size":0.15620684623718263,"orthographic":false}